<?xml version="1.0" encoding="ISO-8859-1"?>
<gfc:FC_FeatureCatalogue xmlns:gfc="http://www.isotc211.org/2005/gfc">
   <gmx:name xmlns:gmx="http://www.isotc211.org/2005/gmx">
      <gco:CharacterString xmlns:gco="http://www.isotc211.org/2005/gco">Feature Catalog for the  2010 Census  Block State-based</gco:CharacterString>
   </gmx:name>
   <gmx:scope xmlns:gmx="http://www.isotc211.org/2005/gmx">
      <gco:CharacterString xmlns:gco="http://www.isotc211.org/2005/gco"> 2010 Census  Block State-based</gco:CharacterString>
   </gmx:scope>
   <gmx:versionNumber xmlns:gmx="http://www.isotc211.org/2005/gmx">
      <gco:CharacterString xmlns:gco="http://www.isotc211.org/2005/gco">2014</gco:CharacterString>
   </gmx:versionNumber>
   <gmx:versionDate xmlns:gmx="http://www.isotc211.org/2005/gmx">
      <gco:Date xmlns:gco="http://www.isotc211.org/2005/gco">2014-06-01</gco:Date>
   </gmx:versionDate>
   <gmx:language xmlns:gmx="http://www.isotc211.org/2005/gmx">
      <gco:CharacterString xmlns:gco="http://www.isotc211.org/2005/gco">eng</gco:CharacterString>
   </gmx:language>
   <gmx:characterSet xmlns:gmx="http://www.isotc211.org/2005/gmx">
      <gmd:MD_CharacterSetCode xmlns:gmd="http://www.isotc211.org/2005/gmd"
                               codeList="http://www.isotc211.org/2005/resources/Codelist/gmxCodelists.xml#MD_CharacterSetCode"
                               codeListValue="utf8"
                               codeSpace="004">utf8
            </gmd:MD_CharacterSetCode>
   </gmx:characterSet>
   <gfc:producer xmlns:xlink="http://www.w3.org/1999/xlink"
                 xlink:href="https://www.ngdc.noaa.gov/docucomp/c5ceb003-1ed6-4126-8a16-bc08ce8fc267"
                 xlink:title="U.S. Department of Commerce, U.S. Census Bureau, Geography Division, Geographic Products Branch"/>
   <gfc:featureType>
      <gfc:FC_FeatureType>
         <gfc:typeName>
            <gco:LocalName xmlns:gco="http://www.isotc211.org/2005/gco">TABBLOCK10.shp</gco:LocalName>
         </gfc:typeName>
         <gfc:definition>
            <gco:CharacterString xmlns:gco="http://www.isotc211.org/2005/gco">2010 Census Block State-based</gco:CharacterString>
         </gfc:definition>
         <gfc:isAbstract>
            <gco:Boolean xmlns:gco="http://www.isotc211.org/2005/gco">false</gco:Boolean>
         </gfc:isAbstract>
         <gfc:featureCatalogue uuidref="2014_tabblock10.ea.iso.xml"/>
         <gfc:carrierOfCharacteristics>
            <gfc:FC_FeatureAttribute>
               <gfc:memberName>
                  <gco:LocalName xmlns:gco="http://www.isotc211.org/2005/gco">STATEFP10</gco:LocalName>
               </gfc:memberName>
               <gfc:definition>
                  <gco:CharacterString xmlns:gco="http://www.isotc211.org/2005/gco">2010 Census state Federal Information Processing Series (FIPS) codes</gco:CharacterString>
               </gfc:definition>
               <gfc:cardinality xmlns:gco="http://www.isotc211.org/2005/gco" gco:nilReason="unknown"/>
               <gfc:definitionReference xmlns:xlink="http://www.w3.org/1999/xlink" xlink:title="U.S. Census Bureau"
                                        xlink:href="http://www.ngdc.noaa.gov/docucomp/eb139e38-ee29-4d59-b157-5e874d4420c4"/>
               <gfc:listedValue>
                  <gfc:FC_ListedValue>
                     <gfc:label>
                        <gco:CharacterString xmlns:gco="http://www.isotc211.org/2005/gco">National Standard Codes (ANSI INCITS 38-2009), Federal Information Processing Series (FIPS) - States/State Equivalents</gco:CharacterString>
                     </gfc:label>
                     <gfc:definitionReference xmlns:xlink="http://www.w3.org/1999/xlink" xlink:title="U.S. Census Bureau"
                                              xlink:href="http://www.ngdc.noaa.gov/docucomp/eb139e38-ee29-4d59-b157-5e874d4420c4"/>
                  </gfc:FC_ListedValue>
               </gfc:listedValue>
            </gfc:FC_FeatureAttribute>
         </gfc:carrierOfCharacteristics>
         <gfc:carrierOfCharacteristics>
            <gfc:FC_FeatureAttribute>
               <gfc:memberName>
                  <gco:LocalName xmlns:gco="http://www.isotc211.org/2005/gco">COUNTYFP10</gco:LocalName>
               </gfc:memberName>
               <gfc:definition>
                  <gco:CharacterString xmlns:gco="http://www.isotc211.org/2005/gco">2010 Census county Federal Information Processing Series (FIPS) code</gco:CharacterString>
               </gfc:definition>
               <gfc:cardinality xmlns:gco="http://www.isotc211.org/2005/gco" gco:nilReason="unknown"/>
               <gfc:definitionReference xmlns:xlink="http://www.w3.org/1999/xlink" xlink:title="U.S. Census Bureau"
                                        xlink:href="http://www.ngdc.noaa.gov/docucomp/eb139e38-ee29-4d59-b157-5e874d4420c4"/>
               <gfc:listedValue>
                  <gfc:FC_ListedValue>
                     <gfc:label>
                        <gco:CharacterString xmlns:gco="http://www.isotc211.org/2005/gco">National Standard Codes (ANSI INCITS 31-2009), Federal Information Processing Series (FIPS) - Counties/County Equivalents</gco:CharacterString>
                     </gfc:label>
                     <gfc:definitionReference xmlns:xlink="http://www.w3.org/1999/xlink" xlink:title="U.S. Census Bureau"
                                              xlink:href="http://www.ngdc.noaa.gov/docucomp/eb139e38-ee29-4d59-b157-5e874d4420c4"/>
                  </gfc:FC_ListedValue>
               </gfc:listedValue>
            </gfc:FC_FeatureAttribute>
         </gfc:carrierOfCharacteristics>
         <gfc:carrierOfCharacteristics>
            <gfc:FC_FeatureAttribute>
               <gfc:memberName>
                  <gco:LocalName xmlns:gco="http://www.isotc211.org/2005/gco">TRACTCE10</gco:LocalName>
               </gfc:memberName>
               <gfc:definition>
                  <gco:CharacterString xmlns:gco="http://www.isotc211.org/2005/gco">2010 Census census tract code.</gco:CharacterString>
               </gfc:definition>
               <gfc:cardinality xmlns:gco="http://www.isotc211.org/2005/gco" gco:nilReason="unknown"/>
               <gfc:definitionReference xmlns:xlink="http://www.w3.org/1999/xlink" xlink:title="U.S. Census Bureau"
                                        xlink:href="http://www.ngdc.noaa.gov/docucomp/eb139e38-ee29-4d59-b157-5e874d4420c4"/>
               <gfc:listedValue>
                  <gfc:FC_ListedValue>
                     <gfc:label>
                        <gco:CharacterString xmlns:gco="http://www.isotc211.org/2005/gco">000100 to 989999</gco:CharacterString>
                     </gfc:label>
                     <gfc:definition>
                        <gco:CharacterString xmlns:gco="http://www.isotc211.org/2005/gco">Census tract number</gco:CharacterString>
                     </gfc:definition>
                     <gfc:definitionReference xmlns:xlink="http://www.w3.org/1999/xlink" xlink:title="U.S. Census Bureau"
                                              xlink:href="http://www.ngdc.noaa.gov/docucomp/eb139e38-ee29-4d59-b157-5e874d4420c4"/>
                  </gfc:FC_ListedValue>
               </gfc:listedValue>
               <gfc:listedValue>
                  <gfc:FC_ListedValue>
                     <gfc:label>
                        <gco:CharacterString xmlns:gco="http://www.isotc211.org/2005/gco">990000 to 990099</gco:CharacterString>
                     </gfc:label>
                     <gfc:definition>
                        <gco:CharacterString xmlns:gco="http://www.isotc211.org/2005/gco">Water tract</gco:CharacterString>
                     </gfc:definition>
                     <gfc:definitionReference xmlns:xlink="http://www.w3.org/1999/xlink" xlink:title="U.S. Census Bureau"
                                              xlink:href="http://www.ngdc.noaa.gov/docucomp/eb139e38-ee29-4d59-b157-5e874d4420c4"/>
                  </gfc:FC_ListedValue>
               </gfc:listedValue>
               <gfc:listedValue>
                  <gfc:FC_ListedValue>
                     <gfc:label>
                        <gco:CharacterString xmlns:gco="http://www.isotc211.org/2005/gco">990100 to 998999</gco:CharacterString>
                     </gfc:label>
                     <gfc:definition>
                        <gco:CharacterString xmlns:gco="http://www.isotc211.org/2005/gco">Census tract number</gco:CharacterString>
                     </gfc:definition>
                     <gfc:definitionReference xmlns:xlink="http://www.w3.org/1999/xlink" xlink:title="U.S. Census Bureau"
                                              xlink:href="http://www.ngdc.noaa.gov/docucomp/eb139e38-ee29-4d59-b157-5e874d4420c4"/>
                  </gfc:FC_ListedValue>
               </gfc:listedValue>
            </gfc:FC_FeatureAttribute>
         </gfc:carrierOfCharacteristics>
         <gfc:carrierOfCharacteristics>
            <gfc:FC_FeatureAttribute>
               <gfc:memberName>
                  <gco:LocalName xmlns:gco="http://www.isotc211.org/2005/gco">BLOCKCE10</gco:LocalName>
               </gfc:memberName>
               <gfc:definition>
                  <gco:CharacterString xmlns:gco="http://www.isotc211.org/2005/gco">2010 Census tabulation block number</gco:CharacterString>
               </gfc:definition>
               <gfc:cardinality xmlns:gco="http://www.isotc211.org/2005/gco" gco:nilReason="unknown"/>
               <gfc:definitionReference xmlns:xlink="http://www.w3.org/1999/xlink" xlink:title="U.S. Census Bureau"
                                        xlink:href="http://www.ngdc.noaa.gov/docucomp/eb139e38-ee29-4d59-b157-5e874d4420c4"/>
               <gfc:listedValue>
                  <gfc:FC_ListedValue>
                     <gfc:label xmlns:gco="http://www.isotc211.org/2005/gco" gco:nilReason="inapplicable"/>
                     <gfc:definition>
                        <gco:CharacterString xmlns:gco="http://www.isotc211.org/2005/gco">
                                            Range Domain Minimum: 0001
                                            Range Domain Maximum: 9999Bureau</gco:CharacterString>
                     </gfc:definition>
                  </gfc:FC_ListedValue>
               </gfc:listedValue>
            </gfc:FC_FeatureAttribute>
         </gfc:carrierOfCharacteristics>
         <gfc:carrierOfCharacteristics>
            <gfc:FC_FeatureAttribute>
               <gfc:memberName>
                  <gco:LocalName xmlns:gco="http://www.isotc211.org/2005/gco">GEOID10</gco:LocalName>
               </gfc:memberName>
               <gfc:definition>
                  <gco:CharacterString xmlns:gco="http://www.isotc211.org/2005/gco">Block identifier; a concatenation of 2010 Census state Federal Information Processing Series (FIPS) code, county FIPS code, census tract code, and tabulation block number</gco:CharacterString>
               </gfc:definition>
               <gfc:cardinality xmlns:gco="http://www.isotc211.org/2005/gco" gco:nilReason="unknown"/>
               <gfc:definitionReference xmlns:xlink="http://www.w3.org/1999/xlink" xlink:title="U.S. Census Bureau"
                                        xlink:href="http://www.ngdc.noaa.gov/docucomp/eb139e38-ee29-4d59-b157-5e874d4420c4"/>
               <gfc:listedValue>
                  <gfc:FC_ListedValue>
                     <gfc:label xmlns:gco="http://www.isotc211.org/2005/gco" gco:nilReason="inapplicable"/>
                     <gfc:definition>
                        <gco:CharacterString xmlns:gco="http://www.isotc211.org/2005/gco">The GEOID10 attribute is a concatenation of the2010 state FIPS code, followed by the 2010 county FIPS code, followed by the 2010 census tract code, followed by the 2010 tabulation block number. No spaces are allowed between the two codes. The State FIPS code is taken from "National Standard Codes (ANSI INCITS 38-2009), Federal Information Processing Series (FIPS) - States". The county FIPS code is taken from "National Standard Codes (ANSI INCITS 31-2009), Federal Information Processing Series (FIPS) - Counties/County Equivalents". The census tract code is taken from the "TRACTCE10" attribute. The tabulation block number is taken from the "BLOCKCE10" attribute.</gco:CharacterString>
                     </gfc:definition>
                  </gfc:FC_ListedValue>
               </gfc:listedValue>
            </gfc:FC_FeatureAttribute>
         </gfc:carrierOfCharacteristics>
         <gfc:carrierOfCharacteristics>
            <gfc:FC_FeatureAttribute>
               <gfc:memberName>
                  <gco:LocalName xmlns:gco="http://www.isotc211.org/2005/gco">NAME10</gco:LocalName>
               </gfc:memberName>
               <gfc:definition>
                  <gco:CharacterString xmlns:gco="http://www.isotc211.org/2005/gco">2010 Census tabulation block name; a concatenation of 'Block', and the current tabulation block number</gco:CharacterString>
               </gfc:definition>
               <gfc:cardinality xmlns:gco="http://www.isotc211.org/2005/gco" gco:nilReason="unknown"/>
               <gfc:definitionReference xmlns:xlink="http://www.w3.org/1999/xlink" xlink:title="U.S. Census Bureau"
                                        xlink:href="http://www.ngdc.noaa.gov/docucomp/eb139e38-ee29-4d59-b157-5e874d4420c4"/>
               <gfc:listedValue>
                  <gfc:FC_ListedValue>
                     <gfc:label xmlns:gco="http://www.isotc211.org/2005/gco" gco:nilReason="inapplicable"/>
                     <gfc:definition>
                        <gco:CharacterString xmlns:gco="http://www.isotc211.org/2005/gco">Refer to the tabulation block number that appears in BLOCKCE10</gco:CharacterString>
                     </gfc:definition>
                  </gfc:FC_ListedValue>
               </gfc:listedValue>
            </gfc:FC_FeatureAttribute>
         </gfc:carrierOfCharacteristics>
         <gfc:carrierOfCharacteristics>
            <gfc:FC_FeatureAttribute>
               <gfc:memberName>
                  <gco:LocalName xmlns:gco="http://www.isotc211.org/2005/gco">MTFCC10</gco:LocalName>
               </gfc:memberName>
               <gfc:definition>
                  <gco:CharacterString xmlns:gco="http://www.isotc211.org/2005/gco">MAF/TIGER feature class code</gco:CharacterString>
               </gfc:definition>
               <gfc:cardinality xmlns:gco="http://www.isotc211.org/2005/gco" gco:nilReason="unknown"/>
               <gfc:definitionReference xmlns:xlink="http://www.w3.org/1999/xlink" xlink:title="U.S. Census Bureau"
                                        xlink:href="http://www.ngdc.noaa.gov/docucomp/eb139e38-ee29-4d59-b157-5e874d4420c4"/>
               <gfc:listedValue>
                  <gfc:FC_ListedValue>
                     <gfc:label>
                        <gco:CharacterString xmlns:gco="http://www.isotc211.org/2005/gco">G5040</gco:CharacterString>
                     </gfc:label>
                     <gfc:definition>
                        <gco:CharacterString xmlns:gco="http://www.isotc211.org/2005/gco">Tabulation Block</gco:CharacterString>
                     </gfc:definition>
                     <gfc:definitionReference xmlns:xlink="http://www.w3.org/1999/xlink" xlink:title="U.S. Census Bureau"
                                              xlink:href="http://www.ngdc.noaa.gov/docucomp/eb139e38-ee29-4d59-b157-5e874d4420c4"/>
                  </gfc:FC_ListedValue>
               </gfc:listedValue>
            </gfc:FC_FeatureAttribute>
         </gfc:carrierOfCharacteristics>
         <gfc:carrierOfCharacteristics>
            <gfc:FC_FeatureAttribute>
               <gfc:memberName>
                  <gco:LocalName xmlns:gco="http://www.isotc211.org/2005/gco">UR10</gco:LocalName>
               </gfc:memberName>
               <gfc:definition>
                  <gco:CharacterString xmlns:gco="http://www.isotc211.org/2005/gco">2010 Census urban/rural indicator</gco:CharacterString>
               </gfc:definition>
               <gfc:cardinality xmlns:gco="http://www.isotc211.org/2005/gco" gco:nilReason="unknown"/>
               <gfc:definitionReference xmlns:xlink="http://www.w3.org/1999/xlink" xlink:title="U.S. Census Bureau"
                                        xlink:href="http://www.ngdc.noaa.gov/docucomp/eb139e38-ee29-4d59-b157-5e874d4420c4"/>
               <gfc:listedValue>
                  <gfc:FC_ListedValue>
                     <gfc:label>
                        <gco:CharacterString xmlns:gco="http://www.isotc211.org/2005/gco">R</gco:CharacterString>
                     </gfc:label>
                     <gfc:definition>
                        <gco:CharacterString xmlns:gco="http://www.isotc211.org/2005/gco">Area is classified as rural</gco:CharacterString>
                     </gfc:definition>
                     <gfc:definitionReference xmlns:xlink="http://www.w3.org/1999/xlink" xlink:title="U.S. Census Bureau"
                                              xlink:href="http://www.ngdc.noaa.gov/docucomp/eb139e38-ee29-4d59-b157-5e874d4420c4"/>
                  </gfc:FC_ListedValue>
               </gfc:listedValue>
               <gfc:listedValue>
                  <gfc:FC_ListedValue>
                     <gfc:label>
                        <gco:CharacterString xmlns:gco="http://www.isotc211.org/2005/gco">U</gco:CharacterString>
                     </gfc:label>
                     <gfc:definition>
                        <gco:CharacterString xmlns:gco="http://www.isotc211.org/2005/gco">Area is classified as urban</gco:CharacterString>
                     </gfc:definition>
                     <gfc:definitionReference xmlns:xlink="http://www.w3.org/1999/xlink" xlink:title="U.S. Census Bureau"
                                              xlink:href="http://www.ngdc.noaa.gov/docucomp/eb139e38-ee29-4d59-b157-5e874d4420c4"/>
                  </gfc:FC_ListedValue>
               </gfc:listedValue>
            </gfc:FC_FeatureAttribute>
         </gfc:carrierOfCharacteristics>
         <gfc:carrierOfCharacteristics>
            <gfc:FC_FeatureAttribute>
               <gfc:memberName>
                  <gco:LocalName xmlns:gco="http://www.isotc211.org/2005/gco">UACE10</gco:LocalName>
               </gfc:memberName>
               <gfc:definition>
                  <gco:CharacterString xmlns:gco="http://www.isotc211.org/2005/gco">2010 Census urban area code</gco:CharacterString>
               </gfc:definition>
               <gfc:cardinality xmlns:gco="http://www.isotc211.org/2005/gco" gco:nilReason="unknown"/>
               <gfc:definitionReference xmlns:xlink="http://www.w3.org/1999/xlink" xlink:title="U.S. Census Bureau"
                                        xlink:href="http://www.ngdc.noaa.gov/docucomp/eb139e38-ee29-4d59-b157-5e874d4420c4"/>
               <gfc:listedValue>
                  <gfc:FC_ListedValue>
                     <gfc:label xmlns:gco="http://www.isotc211.org/2005/gco" gco:nilReason="inapplicable"/>
                     <gfc:definition>
                        <gco:CharacterString xmlns:gco="http://www.isotc211.org/2005/gco">
                                            Range Domain Minimum: 00001
                                            Range Domain Maximum: 98999</gco:CharacterString>
                     </gfc:definition>
                  </gfc:FC_ListedValue>
               </gfc:listedValue>
            </gfc:FC_FeatureAttribute>
         </gfc:carrierOfCharacteristics>
         <gfc:carrierOfCharacteristics>
            <gfc:FC_FeatureAttribute>
               <gfc:memberName>
                  <gco:LocalName xmlns:gco="http://www.isotc211.org/2005/gco">UATYP10</gco:LocalName>
               </gfc:memberName>
               <gfc:definition>
                  <gco:CharacterString xmlns:gco="http://www.isotc211.org/2005/gco">2010 Census urban area type</gco:CharacterString>
               </gfc:definition>
               <gfc:cardinality xmlns:gco="http://www.isotc211.org/2005/gco" gco:nilReason="unknown"/>
               <gfc:definitionReference xmlns:xlink="http://www.w3.org/1999/xlink" xlink:title="U.S. Census Bureau"
                                        xlink:href="http://www.ngdc.noaa.gov/docucomp/eb139e38-ee29-4d59-b157-5e874d4420c4"/>
               <gfc:listedValue>
                  <gfc:FC_ListedValue>
                     <gfc:label>
                        <gco:CharacterString xmlns:gco="http://www.isotc211.org/2005/gco">U</gco:CharacterString>
                     </gfc:label>
                     <gfc:definition>
                        <gco:CharacterString xmlns:gco="http://www.isotc211.org/2005/gco">Urbanized Area (suffix)</gco:CharacterString>
                     </gfc:definition>
                     <gfc:definitionReference xmlns:xlink="http://www.w3.org/1999/xlink" xlink:title="U.S. Census Bureau"
                                              xlink:href="http://www.ngdc.noaa.gov/docucomp/eb139e38-ee29-4d59-b157-5e874d4420c4"/>
                  </gfc:FC_ListedValue>
               </gfc:listedValue>
               <gfc:listedValue>
                  <gfc:FC_ListedValue>
                     <gfc:label>
                        <gco:CharacterString xmlns:gco="http://www.isotc211.org/2005/gco">C</gco:CharacterString>
                     </gfc:label>
                     <gfc:definition>
                        <gco:CharacterString xmlns:gco="http://www.isotc211.org/2005/gco">Urban cluster (suffix)</gco:CharacterString>
                     </gfc:definition>
                     <gfc:definitionReference xmlns:xlink="http://www.w3.org/1999/xlink" xlink:title="U.S. Census Bureau"
                                              xlink:href="http://www.ngdc.noaa.gov/docucomp/eb139e38-ee29-4d59-b157-5e874d4420c4"/>
                  </gfc:FC_ListedValue>
               </gfc:listedValue>
            </gfc:FC_FeatureAttribute>
         </gfc:carrierOfCharacteristics>
         <gfc:carrierOfCharacteristics>
            <gfc:FC_FeatureAttribute>
               <gfc:memberName>
                  <gco:LocalName xmlns:gco="http://www.isotc211.org/2005/gco">FUNCSTAT10</gco:LocalName>
               </gfc:memberName>
               <gfc:definition>
                  <gco:CharacterString xmlns:gco="http://www.isotc211.org/2005/gco">2010 Census functional status</gco:CharacterString>
               </gfc:definition>
               <gfc:cardinality xmlns:gco="http://www.isotc211.org/2005/gco" gco:nilReason="unknown"/>
               <gfc:definitionReference xmlns:xlink="http://www.w3.org/1999/xlink" xlink:title="U.S. Census Bureau"
                                        xlink:href="http://www.ngdc.noaa.gov/docucomp/eb139e38-ee29-4d59-b157-5e874d4420c4"/>
               <gfc:listedValue>
                  <gfc:FC_ListedValue>
                     <gfc:label>
                        <gco:CharacterString xmlns:gco="http://www.isotc211.org/2005/gco">S</gco:CharacterString>
                     </gfc:label>
                     <gfc:definition>
                        <gco:CharacterString xmlns:gco="http://www.isotc211.org/2005/gco">Statistical entity</gco:CharacterString>
                     </gfc:definition>
                     <gfc:definitionReference xmlns:xlink="http://www.w3.org/1999/xlink" xlink:title="U.S. Census Bureau"
                                              xlink:href="http://www.ngdc.noaa.gov/docucomp/eb139e38-ee29-4d59-b157-5e874d4420c4"/>
                  </gfc:FC_ListedValue>
               </gfc:listedValue>
            </gfc:FC_FeatureAttribute>
         </gfc:carrierOfCharacteristics>
         <gfc:carrierOfCharacteristics>
            <gfc:FC_FeatureAttribute>
               <gfc:memberName>
                  <gco:LocalName xmlns:gco="http://www.isotc211.org/2005/gco">ALAND10</gco:LocalName>
               </gfc:memberName>
               <gfc:definition>
                  <gco:CharacterString xmlns:gco="http://www.isotc211.org/2005/gco">2010 Census land area (square meters)</gco:CharacterString>
               </gfc:definition>
               <gfc:cardinality xmlns:gco="http://www.isotc211.org/2005/gco" gco:nilReason="unknown"/>
               <gfc:definitionReference xmlns:xlink="http://www.w3.org/1999/xlink" xlink:title="U.S. Census Bureau"
                                        xlink:href="http://www.ngdc.noaa.gov/docucomp/eb139e38-ee29-4d59-b157-5e874d4420c4"/>
               <gfc:listedValue>
                  <gfc:FC_ListedValue>
                     <gfc:label xmlns:gco="http://www.isotc211.org/2005/gco" gco:nilReason="inapplicable"/>
                     <gfc:definition>
                        <gco:CharacterString xmlns:gco="http://www.isotc211.org/2005/gco">
                                            Range Domain Minimum: 0
                                            Range Domain Maximum: 9,999,999,999,999</gco:CharacterString>
                     </gfc:definition>
                  </gfc:FC_ListedValue>
               </gfc:listedValue>
            </gfc:FC_FeatureAttribute>
         </gfc:carrierOfCharacteristics>
         <gfc:carrierOfCharacteristics>
            <gfc:FC_FeatureAttribute>
               <gfc:memberName>
                  <gco:LocalName xmlns:gco="http://www.isotc211.org/2005/gco">AWATER10</gco:LocalName>
               </gfc:memberName>
               <gfc:definition>
                  <gco:CharacterString xmlns:gco="http://www.isotc211.org/2005/gco">2010 Census water area (square meters)</gco:CharacterString>
               </gfc:definition>
               <gfc:cardinality xmlns:gco="http://www.isotc211.org/2005/gco" gco:nilReason="unknown"/>
               <gfc:definitionReference xmlns:xlink="http://www.w3.org/1999/xlink" xlink:title="U.S. Census Bureau"
                                        xlink:href="http://www.ngdc.noaa.gov/docucomp/eb139e38-ee29-4d59-b157-5e874d4420c4"/>
               <gfc:listedValue>
                  <gfc:FC_ListedValue>
                     <gfc:label xmlns:gco="http://www.isotc211.org/2005/gco" gco:nilReason="inapplicable"/>
                     <gfc:definition>
                        <gco:CharacterString xmlns:gco="http://www.isotc211.org/2005/gco">
                                            Range Domain Minimum: 0
                                            Range Domain Maximum: 9,999,999,999,999</gco:CharacterString>
                     </gfc:definition>
                  </gfc:FC_ListedValue>
               </gfc:listedValue>
            </gfc:FC_FeatureAttribute>
         </gfc:carrierOfCharacteristics>
         <gfc:carrierOfCharacteristics>
            <gfc:FC_FeatureAttribute>
               <gfc:memberName>
                  <gco:LocalName xmlns:gco="http://www.isotc211.org/2005/gco">INTPTLAT10</gco:LocalName>
               </gfc:memberName>
               <gfc:definition>
                  <gco:CharacterString xmlns:gco="http://www.isotc211.org/2005/gco">2010 Census latitude of the internal point</gco:CharacterString>
               </gfc:definition>
               <gfc:cardinality xmlns:gco="http://www.isotc211.org/2005/gco" gco:nilReason="unknown"/>
               <gfc:definitionReference xmlns:xlink="http://www.w3.org/1999/xlink" xlink:title="U.S. Census Bureau"
                                        xlink:href="http://www.ngdc.noaa.gov/docucomp/eb139e38-ee29-4d59-b157-5e874d4420c4"/>
               <gfc:listedValue>
                  <gfc:FC_ListedValue>
                     <gfc:label xmlns:gco="http://www.isotc211.org/2005/gco" gco:nilReason="inapplicable"/>
                     <gfc:definition>
                        <gco:CharacterString xmlns:gco="http://www.isotc211.org/2005/gco">
                                            Range Domain Minimum: -90.000000
                                            Range Domain Maximum: 90.000000</gco:CharacterString>
                     </gfc:definition>
                  </gfc:FC_ListedValue>
               </gfc:listedValue>
            </gfc:FC_FeatureAttribute>
         </gfc:carrierOfCharacteristics>
         <gfc:carrierOfCharacteristics>
            <gfc:FC_FeatureAttribute>
               <gfc:memberName>
                  <gco:LocalName xmlns:gco="http://www.isotc211.org/2005/gco">INTPTLON10</gco:LocalName>
               </gfc:memberName>
               <gfc:definition>
                  <gco:CharacterString xmlns:gco="http://www.isotc211.org/2005/gco">2010 Census longitude of the internal point</gco:CharacterString>
               </gfc:definition>
               <gfc:cardinality xmlns:gco="http://www.isotc211.org/2005/gco" gco:nilReason="unknown"/>
               <gfc:definitionReference xmlns:xlink="http://www.w3.org/1999/xlink" xlink:title="U.S. Census Bureau"
                                        xlink:href="http://www.ngdc.noaa.gov/docucomp/eb139e38-ee29-4d59-b157-5e874d4420c4"/>
               <gfc:listedValue>
                  <gfc:FC_ListedValue>
                     <gfc:label xmlns:gco="http://www.isotc211.org/2005/gco" gco:nilReason="inapplicable"/>
                     <gfc:definition>
                        <gco:CharacterString xmlns:gco="http://www.isotc211.org/2005/gco">
                                            Range Domain Minimum: -180.000000
                                            Range Domain Maximum: 180.000000</gco:CharacterString>
                     </gfc:definition>
                  </gfc:FC_ListedValue>
               </gfc:listedValue>
            </gfc:FC_FeatureAttribute>
         </gfc:carrierOfCharacteristics>
      </gfc:FC_FeatureType>
   </gfc:featureType>
</gfc:FC_FeatureCatalogue>