<?xml version="1.0" encoding="ISO-8859-1"?>
<!DOCTYPE metadata SYSTEM "http://www.fgdc.gov/metadata/fgdc-std-001-1998.dtd">
<metadata>
	<idinfo>
		<citation>
			<citeinfo>
				<origin>University of Vermont Spatial Analysis Laboratory</origin>
				<pubdate>20080523</pubdate>
				<title>Baltimore City High Resolution Land Cover, 2007</title>
				<edition>Third</edition>
				<geoform>raster digital data</geoform>
				<ftname Sync="TRUE">LandCover_BACI_2007.img</ftname><onlink Sync="TRUE">\\quadrula\FOS\TestSites\MD\BaltimoreCity\Data\LandCover\LandCover_BACI_2007.img</onlink><onlink>http://www.uvm.edu/~joneildu/downloads/FOS/BACI/</onlink></citeinfo>
		</citation>
		<descript>
			<abstract>High resolution land cover dataset for Baltimore City, MD.  Seven land cover classes were mapped: (1) tree canopy, (2) grass/shrub, (3) bare earth, (4) water, (5) buildings, (6) roads, and (7) other paved surfaces. The minimum mapping unit for the delineation of features was set at 8 square meters.   The primary sources used to derive this land cover layer were color infrared aerial imagery acquired in 2007 as part of the National Agricultural Imagery Program (NAIP), a normalized Digital Surface Model (nDSM) derived from 2006 LiDAR data, LiDAR intensity data resulting from the 2006 acquisition, building footprints, road polygons, and water polygons.

This land cover dataset is considered current as of August, 2007. Object-based image analysis techniques (OBIA) were employed to extract land cover information using the best available remotely sensed and vector GIS datasets. OBIA systems work by grouping pixels into meaningful objects based on their spectral and spatial properties, while taking into account boundaries imposed by existing vector datasets. Within the OBIA environment a rule-based expert system was designed to effectively mimic the process of manual image analysis by incorporating the elements of image interpretation (color/tone, texture, pattern, location, size, and shape) into the classification process. A series of morphological procedures were employed to insure that the end product is both accurate and cartographically pleasing. No accuracy assessment was conducted, but the dataset was subject to a thorough manual quality control. 10,184 corrections were made to the classification.
</abstract>
			<purpose>Land cover analysis and estimating tree canopy.</purpose>
			<langdata Sync="TRUE">en</langdata></descript>
		<timeperd>
			<timeinfo>
				<mdattim>
					<sngdate>
						<caldate>2006</caldate>
					</sngdate>
					<sngdate>
						<caldate>2007</caldate>
					</sngdate>
				</mdattim>
			</timeinfo>
			<current>ground condition</current>
		</timeperd>
		<status>
			<progress>Complete</progress>
			<update>None planned</update>
		</status>
		<spdom>
			<bounding>
				<westbc>
-76.896529</westbc>
				<eastbc>
-76.369826</eastbc>
				<northbc>
39.721946</northbc>
				<southbc>
39.194955</southbc>
			</bounding>
			<lboundng><leftbc Sync="TRUE">1393950.640887</leftbc><rightbc Sync="TRUE">1445556.640887</rightbc><bottombc Sync="TRUE">557729.086982</bottombc><topbc Sync="TRUE">621407.086982</topbc></lboundng></spdom>
		<keywords>
			<place>
				<placekey>MD</placekey>
				<placekey>Baltimore City</placekey>
				<placekey>Maryland</placekey>
			</place>
			<temporal>
				<tempkey>2006</tempkey>
				<tempkey>2007</tempkey>
			</temporal>
			<theme><themekey>Land cover</themekey><themekey>tree canopy</themekey><themekey>FOS</themekey><themekey>UTC</themekey></theme></keywords>
		<accconst>None.</accconst>
		<useconst>None.</useconst>
		<ptcontac>
			<cntinfo>
				<cntperp>
					<cntper>Jarlath O'Neil-Dunne</cntper>
					<cntorg>University of Vermont Spatial Analysis Laboratory</cntorg>
				</cntperp>
				<cntpos>Geospatial Analyst</cntpos>
				<cntaddr>
					<addrtype>mailing and physical address</addrtype>
					<address>81 Carrigan Drive</address>
					<address>Aiken Room 220</address>
					<city>Burlington</city>
					<state>VT</state>
					<postal>05405</postal>
					<country>USA</country>
				</cntaddr>
				<cntvoice>802-656-3324</cntvoice>
				<cntfax>802-656-8683</cntfax>
				<cntemail>joneildu@uvm.edu</cntemail>
			</cntinfo>
		</ptcontac>
		<datacred>University of Vermont Spatial Analysis Laboratory with funding from the U.S. Forest Service and the Baltimore Ecosystem Study (BES).</datacred>
		<native>Microsoft Windows Vista Version 6.0 (Build 6001) Service Pack 1; ESRI ArcCatalog 9.3.1.1850</native>
		<natvform Sync="TRUE">Raster Dataset</natvform></idinfo>
	<dataqual>
		<logic>Valid raster dataset.</logic>
		<complete>Land cover is complete for Baltimore City based on the city boundary as of March 2009.</complete>
		<lineage>
			<procstep><procdesc Sync="TRUE">Metadata imported.</procdesc><srcused Sync="TRUE">T:\TestSites\MD\BaltimoreCity\Data\LandCover\LandCover_BACI_2007_beta_r2.img.xml</srcused><procdate Sync="TRUE">20090821</procdate><proctime Sync="TRUE">14463700</proctime></procstep></lineage>
	</dataqual>
	<spdoinfo>
		<direct>Raster</direct>
		<rastinfo>
			<rasttype>Pixel</rasttype>
			<rowcount>95684</rowcount>
			<colcount>73977</colcount>
			<vrtcount>1</vrtcount>
			<rastxsz Sync="TRUE">3.000000</rastxsz><rastysz Sync="TRUE">3.000000</rastysz><rastbpp Sync="TRUE">8</rastbpp><rastorig Sync="TRUE">Upper Left</rastorig><rastcmap Sync="TRUE">FALSE</rastcmap><rastcomp Sync="TRUE">Run-Length Encoding (ESRI)</rastcomp><rastband Sync="TRUE">1</rastband><rastdtyp Sync="TRUE">pixel codes</rastdtyp><rastplyr Sync="TRUE">TRUE</rastplyr><rastifor Sync="TRUE">IMAGINE Image</rastifor></rastinfo>
	</spdoinfo>
	<spref>
		<horizsys>
			<planar>
				<planci>
					<plance>row and column</plance>
					<coordrep>
						<absres>2.000000</absres>
						<ordres>2.000000</ordres>
					</coordrep>
					<plandu>survey feet</plandu>
				</planci>
			</planar>
			<geodetic>
				<horizdn>D_North_American_1983_HARN</horizdn>
				<ellips>Geodetic Reference System 80</ellips>
				<semiaxis>6378137.000000</semiaxis>
				<denflat>298.257222</denflat>
			</geodetic>
			<cordsysn><geogcsn Sync="TRUE">GCS_North_American_1983</geogcsn><projcsn Sync="TRUE">NAD_1983_StatePlane_Maryland_FIPS_1900_Feet</projcsn></cordsysn></horizsys>
	</spref>
	<eainfo>
		<detailed Name="LandCover_BACI_2007.img.vat">
			<enttyp>
				<enttypl>Land Cover</enttypl>
				<enttypt Sync="TRUE">Table</enttypt><enttypc Sync="TRUE">7</enttypc></enttyp>
			<attr>
				<attrlabl>OID</attrlabl>
				<attrdef>Internal feature number.</attrdef>
				<attrdefs>ESRI</attrdefs>
				<attrdomv>
					<udom>Sequential unique whole numbers that are automatically generated.</udom>
				</attrdomv>
				<attalias Sync="TRUE">OID</attalias><attrtype Sync="TRUE">OID</attrtype><attwidth Sync="TRUE">4</attwidth><atprecis Sync="TRUE">0</atprecis><attscale Sync="TRUE">0</attscale></attr>
			<attr>
				<attrlabl>Value</attrlabl>
				<attrdef>Land cover code</attrdef>
				<attrdomv>
					<edom>
						<edomv>1</edomv>
						<edomvd>Tree Canopy</edomvd>
					</edom>
					<edom>
						<edomv>2</edomv>
						<edomvd>Grass/Shrubs</edomvd>
					</edom>
					<edom>
						<edomv>3</edomv>
						<edomvd>Bare Soil</edomvd>
					</edom>
					<edom>
						<edomv>4</edomv>
						<edomvd>Water</edomvd>
					</edom>
					<edom>
						<edomv>5</edomv>
						<edomvd>Building</edomvd>
					</edom>
					<edom>
						<edomv>6</edomv>
						<edomvd>Road/Railroad</edomvd>
					</edom>
					<edom>
						<edomv>7</edomv>
						<edomvd>Other Paved Surface</edomvd>
					</edom>
				</attrdomv>
				<attalias Sync="TRUE">VALUE</attalias><attrtype Sync="TRUE">Integer</attrtype><attwidth Sync="TRUE">9</attwidth><atprecis Sync="TRUE">9</atprecis><attscale Sync="TRUE">0</attscale></attr>
			<attr>
				<attrlabl>Count</attrlabl>
				<attalias Sync="TRUE">COUNT</attalias><attrtype Sync="TRUE">Integer</attrtype><attwidth Sync="TRUE">9</attwidth><atprecis Sync="TRUE">9</atprecis><attscale Sync="TRUE">0</attscale></attr>
		</detailed>
		<overview>
			<eaover>Tree Canopy (1), Grass/Shrub (2), Bare Soil (3), Water (4), Buildings (5), Transportation (6), Other Paved (7).</eaover>
		</overview>
	</eainfo>
	<distinfo>
		<resdesc>Downloadable Data</resdesc>
		<stdorder>
			<digform>
				<digtinfo>
					<transize>0.000</transize>
					<dssize Sync="TRUE">0.000</dssize></digtinfo>
			</digform>
		</stdorder>
	</distinfo>
	<metainfo>
		<metd>20090422</metd>
		<metc>
			<cntinfo>
				<cntperp>
					<cntper>Jarlath O'Neil-Dunne</cntper>
					<cntorg>University of Vermont Spatial Analysis Laboratory</cntorg>
				</cntperp>
				<cntpos>Geospatial Analyst</cntpos>
				<cntaddr>
					<addrtype>mailing and physical address</addrtype>
					<address>81 Carrigan Drive</address>
					<address>Aiken Center Room 220</address>
					<city>Burlington</city>
					<state>VT</state>
					<postal>05405</postal>
					<country>USA</country>
				</cntaddr>
				<cntvoice>802-656-3324</cntvoice>
				<cntfax>802-656-8683</cntfax>
				<cntemail>joneildu@uvm.edu</cntemail>
			</cntinfo>
		</metc>
		<metstdn>FGDC Content Standards for Digital Geospatial Metadata</metstdn>
		<metstdv>FGDC-STD-001-1998</metstdv>
		<mettc>local time</mettc>
		<langmeta Sync="TRUE">en</langmeta></metainfo>
	<Esri><CreaDate>20140627</CreaDate><CreaTime>09091900</CreaTime><SyncOnce>FALSE</SyncOnce><SyncDate>20110712</SyncDate><SyncTime>11374600</SyncTime><ModDate>20110712</ModDate><ModTime>11374600</ModTime><DataProperties><itemProps><itemName Sync="TRUE">LandCover_BACI_2007.img</itemName><itemLocation><linkage Sync="TRUE">file://\\netfiles02.uvm.edu\salshare\Data_Projects\USA\UTC\UTC Web Site\Landcover\Baltimore_City\LandCover_BACI_2007.img</linkage><protocol Sync="TRUE">Local Area Network</protocol></itemLocation><imsContentType Sync="TRUE">002</imsContentType><nativeExtBox><westBL Sync="TRUE">1393950.640887</westBL><eastBL Sync="TRUE">1445556.640887</eastBL><southBL Sync="TRUE">557729.086982</southBL><northBL Sync="TRUE">621407.086982</northBL><exTypeCode Sync="TRUE">1</exTypeCode></nativeExtBox></itemProps><coordRef><type Sync="TRUE">Projected</type><geogcsn Sync="TRUE">GCS_North_American_1983</geogcsn><projcsn Sync="TRUE">NAD_1983_StatePlane_Maryland_FIPS_1900_Feet</projcsn><peXml Sync="TRUE">&lt;ProjectedCoordinateSystem xsi:type='typens:ProjectedCoordinateSystem' xmlns:xsi='http://www.w3.org/2001/XMLSchema-instance' xmlns:xs='http://www.w3.org/2001/XMLSchema' xmlns:typens='http://www.esri.com/schemas/ArcGIS/10.0'&gt;&lt;WKT&gt;PROJCS[&amp;quot;NAD_1983_StatePlane_Maryland_FIPS_1900_Feet&amp;quot;,GEOGCS[&amp;quot;GCS_North_American_1983&amp;quot;,DATUM[&amp;quot;D_North_American_1983&amp;quot;,SPHEROID[&amp;quot;GRS_1980&amp;quot;,6378137.0,298.257222101]],PRIMEM[&amp;quot;Greenwich&amp;quot;,0.0],UNIT[&amp;quot;Degree&amp;quot;,0.0174532925199433]],PROJECTION[&amp;quot;Lambert_Conformal_Conic&amp;quot;],PARAMETER[&amp;quot;False_Easting&amp;quot;,1312333.333333333],PARAMETER[&amp;quot;False_Northing&amp;quot;,0.0],PARAMETER[&amp;quot;Central_Meridian&amp;quot;,-77.0],PARAMETER[&amp;quot;Standard_Parallel_1&amp;quot;,38.3],PARAMETER[&amp;quot;Standard_Parallel_2&amp;quot;,39.45],PARAMETER[&amp;quot;Latitude_Of_Origin&amp;quot;,37.66666666666666],UNIT[&amp;quot;Foot_US&amp;quot;,0.3048006096012192],AUTHORITY[&amp;quot;EPSG&amp;quot;,2248]]&lt;/WKT&gt;&lt;XOrigin&gt;-120561100&lt;/XOrigin&gt;&lt;YOrigin&gt;-95444400&lt;/YOrigin&gt;&lt;XYScale&gt;36953082.294548117&lt;/XYScale&gt;&lt;ZOrigin&gt;-100000&lt;/ZOrigin&gt;&lt;ZScale&gt;10000&lt;/ZScale&gt;&lt;MOrigin&gt;-100000&lt;/MOrigin&gt;&lt;MScale&gt;10000&lt;/MScale&gt;&lt;XYTolerance&gt;0.0032808333333333335&lt;/XYTolerance&gt;&lt;ZTolerance&gt;0.001&lt;/ZTolerance&gt;&lt;MTolerance&gt;0.001&lt;/MTolerance&gt;&lt;HighPrecision&gt;true&lt;/HighPrecision&gt;&lt;WKID&gt;2248&lt;/WKID&gt;&lt;/ProjectedCoordinateSystem&gt;</peXml></coordRef><RasterProperties><General><PixelDepth Sync="TRUE">8</PixelDepth><HasColormap Sync="TRUE">FALSE</HasColormap><CompressionType Sync="TRUE">RLE</CompressionType><NumBands Sync="TRUE">1</NumBands><Format Sync="TRUE">IMAGINE Image</Format><HasPyramids Sync="TRUE">TRUE</HasPyramids><SourceType Sync="TRUE">continuous</SourceType><PixelType Sync="TRUE">unsigned integer</PixelType><NoDataValue Sync="TRUE">0</NoDataValue></General></RasterProperties><copyHistory><copy source="O:\Data_Projects\States\MD\BaltimoreCity\Data\LandCover\LandCover_BACI_2007.img" dest="\\netfiles02.uvm.edu\salshare\Data_Projects\USA\UTC\UTC Web Site\Landcover\Baltimore_City\LandCover_BACI_2007.img" date="20140627" time="09091900"></copy></copyHistory></DataProperties></Esri><dataIdInfo><envirDesc Sync="TRUE">Microsoft Windows Server 2008 R2 Version 6.1 (Build 7601) Service Pack 1; ESRI ArcGIS 10.0.2.3200</envirDesc><dataLang><languageCode Sync="TRUE" value="eng" country="USA"></languageCode></dataLang><idCitation><resTitle Sync="TRUE">LandCover_BACI_2007.img</resTitle><presForm><PresFormCd Sync="TRUE" value="005"></PresFormCd></presForm></idCitation><spatRpType><SpatRepTypCd Sync="TRUE" value="002"></SpatRepTypCd></spatRpType><dataExt><geoEle><GeoBndBox esriExtentType="search"><westBL Sync="TRUE">-76.712011</westBL><eastBL Sync="TRUE">-76.528760</eastBL><northBL Sync="TRUE">39.372559</northBL><southBL Sync="TRUE">39.197143</southBL><exTypeCode Sync="TRUE">1</exTypeCode></GeoBndBox></geoEle></dataExt><geoBox esriExtentType="decdegrees"><westBL Sync="TRUE">-76.712011</westBL><eastBL Sync="TRUE">-76.52876</eastBL><northBL Sync="TRUE">39.372559</northBL><southBL Sync="TRUE">39.197143</southBL><exTypeCode Sync="TRUE">1</exTypeCode></geoBox><descKeys><thesaName uuidref="723f6998-058e-11dc-8314-0800200c9a66"></thesaName><keyword Sync="TRUE">002</keyword></descKeys></dataIdInfo><mdLang><languageCode Sync="TRUE" value="eng"></languageCode></mdLang><mdStanName Sync="TRUE">ISO 19115 Geographic Information - Metadata</mdStanName><mdStanVer Sync="TRUE">DIS_ESRI1.0</mdStanVer><mdChar><CharSetCd Sync="TRUE" value="006"></CharSetCd></mdChar><mdHrLv><ScopeCd Sync="TRUE" value="005"></ScopeCd></mdHrLv><mdHrLvName Sync="TRUE">dataset</mdHrLvName><distInfo><distributor><distorTran><onLineSrc><linkage Sync="TRUE">file://\\quadrula\FOS\TestSites\MD\BaltimoreCity\Data\LandCover\LandCover_BACI_2007.img</linkage><protocol Sync="TRUE">Local Area Network</protocol><orDesc Sync="TRUE">002</orDesc></onLineSrc><transSize Sync="TRUE">0.000</transSize></distorTran><distorFormat><formatName Sync="TRUE">Raster Dataset</formatName></distorFormat></distributor><distFormat><formatName Sync="TRUE">Raster Dataset</formatName></distFormat></distInfo><refSysInfo><RefSystem><refSysID><identCode Sync="TRUE" code="2248">NAD_1983_StatePlane_Maryland_FIPS_1900_Feet</identCode><idCodeSpace Sync="TRUE">EPSG</idCodeSpace><idVersion Sync="TRUE">7.4.1</idVersion></refSysID></RefSystem></refSysInfo><spatRepInfo><GridSpatRep><numDims Sync="TRUE">2</numDims><cellGeo><CellGeoCd Sync="TRUE" value="002"></CellGeoCd></cellGeo><tranParaAv Sync="TRUE">1</tranParaAv><axDimProps><Dimen><dimName><DimNameTypCd Sync="TRUE" value="002"></DimNameTypCd></dimName><dimSize Sync="TRUE">17202</dimSize><dimResol><value Sync="TRUE">3</value><uom><UomLength><uomName Sync="TRUE">Foot_US</uomName><conversionToISOstandardUnit Sync="TRUE">1 Foot_US = 0.304801 Meter(s)</conversionToISOstandardUnit></UomLength></uom></dimResol></Dimen><Dimen><dimName><DimNameTypCd Sync="TRUE" value="001"></DimNameTypCd></dimName><dimSize Sync="TRUE">21226</dimSize><dimResol><value Sync="TRUE">3</value><uom><UomLength><uomName Sync="TRUE">Foot_US</uomName><conversionToISOstandardUnit Sync="TRUE">1 Foot_US = 0.304801 Meter(s)</conversionToISOstandardUnit></UomLength></uom></dimResol></Dimen></axDimProps></GridSpatRep><Georect><cellGeo><CellGeoCd Sync="TRUE" value="002"></CellGeoCd></cellGeo><numDims Sync="TRUE">2</numDims><tranParaAv Sync="TRUE">1</tranParaAv><chkPtAv Sync="TRUE">0</chkPtAv><cornerPts><pos Sync="TRUE">1393950.640887 557729.086982</pos></cornerPts><cornerPts><pos Sync="TRUE">1393950.640887 621407.086982</pos></cornerPts><cornerPts><pos Sync="TRUE">1445556.640887 621407.086982</pos></cornerPts><cornerPts><pos Sync="TRUE">1445556.640887 557729.086982</pos></cornerPts><centerPt><pos Sync="TRUE">1419753.640887 589568.086982</pos></centerPt><axisDimension type="002"><dimSize Sync="TRUE">17202</dimSize><dimResol><value Sync="TRUE" uom="Foot_US">3.000000</value></dimResol></axisDimension><axisDimension type="001"><dimSize Sync="TRUE">21226</dimSize><dimResol><value Sync="TRUE" uom="Foot_US">3.000000</value></dimResol></axisDimension><ptInPixel><PixOrientCd Sync="TRUE" value="001"></PixOrientCd></ptInPixel></Georect></spatRepInfo><mdDateSt Sync="TRUE">20110712</mdDateSt><contInfo><ImgDesc><contentTyp><ContentTypCd Sync="TRUE" value="001"></ContentTypCd></contentTyp><covDim><Band><dimDescrp Sync="TRUE">Band_1</dimDescrp><maxVal Sync="TRUE">7.000000</maxVal><minVal Sync="TRUE">1.000000</minVal><bitsPerVal Sync="TRUE">8</bitsPerVal><valUnit><UOM type="length"><unitSymbol Sync="TRUE">Foot_US</unitSymbol></UOM></valUnit></Band></covDim></ImgDesc></contInfo></metadata>
